<?xml version="1.0" encoding="UTF-8"?>
<project-private xmlns="http://www.netbeans.org/ns/project-private/1">
    <editor-bookmarks xmlns="http://www.netbeans.org/ns/editor-bookmarks/2" lastBookmarkId="0"/>
    <open-files xmlns="http://www.netbeans.org/ns/projectui-open-files/2">
        <group>
            <file>file:/C:/Users/Evans%20Munene/Documents/NetBeansProjects/Store_Management/src/store_management/Stock.java</file>
            <file>file:/C:/Users/Evans%20Munene/Documents/NetBeansProjects/Store_Management/src/store_management/Store_Management.java</file>
            <file>file:/C:/Users/Evans%20Munene/Documents/NetBeansProjects/Store_Management/src/store_management/Management.java</file>
        </group>
    </open-files>
</project-private>
